Ref,Val,Package,PosX,PosY,Rot,Side
"C1","100n","C_0805_2012Metric_Pad1.18x1.45mm_HandSolder",39.500000,1.200000,0.000000,bottom
"C2","100n","C_0805_2012Metric_Pad1.18x1.45mm_HandSolder",47.000000,1.200000,0.000000,bottom
"C3","100n","C_0805_2012Metric_Pad1.18x1.45mm_HandSolder",54.500000,1.200000,0.000000,bottom
"C4","100n","C_0805_2012Metric_Pad1.18x1.45mm_HandSolder",82.200000,-9.750000,0.000000,bottom
"C5","100n","C_0805_2012Metric_Pad1.18x1.45mm_HandSolder",82.200000,-18.420000,0.000000,bottom
"C6","100n","C_0805_2012Metric_Pad1.18x1.45mm_HandSolder",82.200000,-27.080000,0.000000,bottom
"C7","100n","C_0805_2012Metric_Pad1.18x1.45mm_HandSolder",82.200000,-35.750000,0.000000,bottom
"C8","100n","C_0805_2012Metric_Pad1.18x1.45mm_HandSolder",85.500000,-38.900000,0.000000,bottom
"C9","100n","C_0805_2012Metric_Pad1.18x1.45mm_HandSolder",114.900000,-22.400000,0.000000,bottom
"C10","100n","C_0805_2012Metric_Pad1.18x1.45mm_HandSolder",107.050000,-13.300000,0.000000,bottom
"C11","100n","C_0805_2012Metric_Pad1.18x1.45mm_HandSolder",83.450000,-1.400000,0.000000,bottom
"C12","100n","C_0805_2012Metric_Pad1.18x1.45mm_HandSolder",50.500000,-38.900000,0.000000,bottom
"C13","100n","C_0805_2012Metric_Pad1.18x1.45mm_HandSolder",16.500000,-7.400000,0.000000,bottom
"C14","47u","C_1206_3216Metric_Pad1.33x1.80mm_HandSolder",36.500000,-2.600000,0.000000,bottom
"D1","SK6812MINI-E","LED_SK6812MINI-E_3.2x2.8mm_P1.5mm_ReverseMount_HandSolder",35.500000,4.000000,0.000000,bottom
"D2","SK6812MINI-E","LED_SK6812MINI-E_3.2x2.8mm_P1.5mm_ReverseMount_HandSolder",43.000000,4.000000,0.000000,bottom
"D3","SK6812MINI-E","LED_SK6812MINI-E_3.2x2.8mm_P1.5mm_ReverseMount_HandSolder",50.500000,4.000000,0.000000,bottom
"D4","SK6812MINI-E","LED_SK6812MINI-E_3.2x2.8mm_P1.5mm_ReverseMount_HandSolder",76.250000,-9.000000,0.000000,bottom
"D5","SK6812MINI-E","LED_SK6812MINI-E_3.2x2.8mm_P1.5mm_ReverseMount_HandSolder",76.250000,-17.670000,0.000000,bottom
"D6","SK6812MINI-E","LED_SK6812MINI-E_3.2x2.8mm_P1.5mm_ReverseMount_HandSolder",76.250000,-26.330000,0.000000,bottom
"D7","SK6812MINI-E","LED_SK6812MINI-E_3.2x2.8mm_P1.5mm_ReverseMount_HandSolder",76.250000,-35.000000,0.000000,bottom
"D8","SK6812 5050 RGB","LED_SK6812_PLCC4_5.0x5.0mm_P3.2mm",80.000000,-40.500000,0.000000,bottom
"D9","SK6812 5050 RGB","LED_SK6812_PLCC4_5.0x5.0mm_P3.2mm",116.500000,-27.000000,90.000000,bottom
"D10","SK6812 5050 RGB","LED_SK6812_PLCC4_5.0x5.0mm_P3.2mm",109.500000,-9.500000,180.000000,bottom
"D11","SK6812 5050 RGB","LED_SK6812_PLCC4_5.0x5.0mm_P3.2mm",78.000000,-3.000000,0.000000,bottom
"D12","SK6812 5050 RGB","LED_SK6812_PLCC4_5.0x5.0mm_P3.2mm",45.000000,-40.500000,0.000000,bottom
"D13","SK6812 5050 RGB","LED_SK6812_PLCC4_5.0x5.0mm_P3.2mm",11.000000,-9.000000,0.000000,bottom
"R1","330","R_0805_2012Metric_Pad1.20x1.40mm_HandSolder",33.000000,0.900000,0.000000,bottom
"TP1","3V3","TestPoint_Pad_D1.5mm",68.000000,-16.500000,0.000000,bottom
"TP2","GND","TestPoint_Pad_D1.5mm",68.000000,-21.000000,0.000000,bottom
"TP3","SDA","TestPoint_Pad_D1.5mm",68.000000,-25.500000,0.000000,bottom
"TP4","SCL","TestPoint_Pad_D1.5mm",68.000000,-30.000000,0.000000,bottom
"E1","Touch","TouchPad_D6mm_Covered",65.000000,4.000000,0.000000,top
"SW1","PTS645SH43","SW_SPST_PTS645Sx43SMTR92_NoSilk",98.000000,-11.750000,0.000000,top
"SW2","PTS645SH43","SW_SPST_PTS645Sx43SMTR92_NoSilk",98.000000,-32.250000,0.000000,top
"SW3","PTS645SH43","SW_SPST_PTS645Sx43SMTR92_NoSilk",87.750000,-22.000000,0.000000,top
"SW4","PTS645SH43","SW_SPST_PTS645Sx43SMTR92_NoSilk",108.250000,-22.000000,0.000000,top
"SW5","PTS645SH43","SW_SPST_PTS645Sx43SMTR92_NoSilk",98.000000,-22.000000,0.000000,top
"SW6","PTS645SH43","SW_SPST_PTS645Sx43SMTR92_NoSilk",108.250000,-32.250000,0.000000,top
"SW7","PTS645SH43","SW_SPST_PTS645Sx43SMTR92_NoSilk",69.000000,-9.000000,0.000000,top
"SW8","PTS645SH43","SW_SPST_PTS645Sx43SMTR92_NoSilk",69.000000,-17.670000,0.000000,top
"SW9","PTS645SH43","SW_SPST_PTS645Sx43SMTR92_NoSilk",69.000000,-26.330000,0.000000,top
"SW10","PTS645SH43","SW_SPST_PTS645Sx43SMTR92_NoSilk",69.000000,-35.000000,0.000000,top
"U1","ESP32-S3-Zero","Waveshare_ESP32-S3-Zero_Castellated",11.000000,-17.750000,0.000000,top
"U2","OLED 0.96in SSD1306","OLED_SSD1306_0.96in_I2C_24.8x26.9mm",43.000000,-22.000000,0.000000,top
